Seat,Last,First,PIN
N5,Last0,First0,0
C12,Last1,First1,1
P30,Last2,First2,2
P33,Last3,First3,3
H3,Last4,First4,4
K22,Last5,First5,5
F15,Last6,First6,6
J1,Last7,First7,7
G19,Last8,First8,8
F10,Last9,First9,9
C2,Last10,First10,10
L10,Last11,First11,11
E22,Last12,First12,12
K21,Last13,First13,13
K2,Last14,First14,14
O30,Last15,First15,15
D10,Last16,First16,16
H2,Last17,First17,17
E12,Last18,First18,18
J3,Last19,First19,19
N15,Last20,First20,20
M29,Last21,First21,21
G24,Last22,First22,22
J15,Last23,First23,23
M10,Last24,First24,24
L8,Last25,First25,25
E14,Last26,First26,26
P3,Last27,First27,27
G17,Last28,First28,28
N2,Last29,First29,29
H22,Last30,First30,30
B10,Last31,First31,31
P8,Last32,First32,32
K28,Last33,First33,33
M15,Last34,First34,34
G14,Last35,First35,35
L11,Last36,First36,36
F18,Last37,First37,37
L38,Last38,First38,38
P5,Last39,First39,39
J5,Last40,First40,40
M21,Last41,First41,41
L22,Last42,First42,42
G18,Last43,First43,43
J10,Last44,First44,44
B20,Last45,First45,45
N11,Last46,First46,46
N18,Last47,First47,47
E19,Last48,First48,48
N1,Last49,First49,49
M3,Last50,First50,50
D24,Last51,First51,51
N10,Last52,First52,52
M7,Last53,First53,53
M24,Last54,First54,54
L32,Last55,First55,55
N31,Last56,First56,56
F4,Last57,First57,57
H15,Last58,First58,58
H10,Last59,First59,59
L5,Last60,First60,60
E25,Last61,First61,61
H18,Last62,First62,62
L26,Last63,First63,63
D5,Last64,First64,64
O2,Last65,First65,65
E18,Last66,First66,66
J28,Last67,First67,67
L21,Last68,First68,68
L14,Last69,First69,69
H19,Last70,First70,70
L3,Last71,First71,71
J22,Last72,First72,72
O3,Last73,First73,73
M22,Last74,First74,74
J12,Last75,First75,75
M19,Last76,First76,76
F7,Last77,First77,77
K11,Last78,First78,78
K36,Last79,First79,79
L17,Last80,First80,80
M17,Last81,First81,81
F14,Last82,First82,82
O8,Last83,First83,83
J14,Last84,First84,84
N8,Last85,First85,85
C18,Last86,First86,86
K14,Last87,First87,87
N3,Last88,First88,88
B12,Last89,First89,89
B15,Last90,First90,90
D21,Last91,First91,91
H11,Last92,First92,92
D8,Last93,First93,93
K1,Last94,First94,94
D1,Last95,First95,95
C10,Last96,First96,96
F11,Last97,First97,97
G27,Last98,First98,98
J36,Last99,First99,99
C21,Last100,First100,100
G21,Last101,First101,101
D12,Last102,First102,102
C15,Last103,First103,103
M8,Last104,First104,104
E8,Last105,First105,105
M18,Last106,First106,106
J31,Last107,First107,107
G1,Last108,First108,108
K5,Last109,First109,109
N7,Last110,First110,110
L35,Last111,First111,111
F3,Last112,First112,112
C14,Last113,First113,113
J11,Last114,First114,114
J4,Last115,First115,115
C4,Last116,First116,116
F2,Last117,First117,117
K4,Last118,First118,118
C1,Last119,First119,119
D11,Last120,First120,120
F5,Last121,First121,121
E1,Last122,First122,122
J2,Last123,First123,123
G5,Last124,First124,124
J24,Last125,First125,125
K7,Last126,First126,126
G8,Last127,First127,127
L24,Last128,First128,128
G22,Last129,First129,129
H12,Last130,First130,130
F23,Last131,First131,131
K19,Last132,First132,132
M14,Last133,First133,133
K12,Last134,First134,134
C7,Last135,First135,135
J7,Last136,First136,136
P29,Last137,First137,137
L29,Last138,First138,138
N22,Last139,First139,139
D14,Last140,First140,140
E5,Last141,First141,141
N28,Last142,First142,142
M26,Last143,First143,143
D7,Last144,First144,144
B17,Last145,First145,145
F8,Last146,First146,146
M1,Last147,First147,147
G15,Last148,First148,148
F17,Last149,First149,149
O1,Last150,First150,150
L18,Last151,First151,151
K17,Last152,First152,152
G11,Last153,First153,153
M2,Last154,First154,154
H1,Last155,First155,155
L2,Last156,First156,156
B11,Last157,First157,157
K8,Last158,First158,158
H8,Last159,First159,159
P28,Last160,First160,160
B14,Last161,First161,161
H24,Last162,First162,162
O29,Last163,First163,163
M32,Last164,First164,164
H4,Last165,First165,165
P7,Last166,First166,166
O28,Last167,First167,167
M11,Last168,First168,168
L4,Last169,First169,169
N21,Last170,First170,170
H27,Last171,First171,171
O33,Last172,First172,172
L15,Last173,First173,173
D15,Last174,First174,174
B1,Last175,First175,175
K15,Last176,First176,176
G10,Last177,First177,177
E7,Last178,First178,178
D18,Last179,First179,179
D4,Last180,First180,180
C5,Last181,First181,181
G7,Last182,First182,182
L12,Last183,First183,183
M5,Last184,First184,184
D2,Last185,First185,185
F19,Last186,First186,186
N19,Last187,First187,187
F21,Last188,First188,188
K31,Last189,First189,189
P1,Last190,First190,190
M25,Last191,First191,191
F1,Last192,First192,192
N24,Last193,First193,193
H35,Last194,First194,194
G4,Last195,First195,195
K18,Last196,First196,196
K10,Last197,First197,197
F12,Last198,First198,198
B7,Last199,First199,199
K24,Last200,First200,200
G2,Last201,First201,201
B2,Last202,First202,202
J18,Last203,First203,203
L1,Last204,First204,204
J25,Last205,First205,205
H17,Last206,First206,206
J19,Last207,First207,207
C17,Last208,First208,208
C3,Last209,First209,209
B5,Last210,First210,210
H5,Last211,First211,211
L19,Last212,First212,212
L7,Last213,First213,213
G3,Last214,First214,214
N17,Last215,First215,215
N12,Last216,First216,216
E2,Last217,First217,217
M35,Last218,First218,218
E3,Last219,First219,219
N14,Last220,First220,220
H14,Last221,First221,221
C8,Last222,First222,222
K3,Last223,First223,223
J17,Last224,First224,224
O5,Last225,First225,225
J8,Last226,First226,226
H7,Last227,First227,227
C11,Last228,First228,228
B8,Last229,First229,229
B3,Last230,First230,230
H30,Last231,First231,231
O7,Last232,First232,232
B4,Last233,First233,233
E10,Last234,First234,234
F26,Last235,First235,235
G12,Last236,First236,236
M12,Last237,First237,237
K25,Last238,First238,238
H21,Last239,First239,239
E15,Last240,First240,240
D17,Last241,First241,241
E11,Last242,First242,242
J21,Last243,First243,243
D3,Last244,First244,244
L25,Last245,First245,245
P2,Last246,First246,246
E4,Last247,First247,247
N25,Last248,First248,248
E17,Last249,First249,249
